year,trades,net_x2_sum_pct,net_x2_expectancy_pct
2024,123,64.2468683992381,0.5223322634084399
2025,168,311.69201223212906,1.8553095966198159
2026,59,108.0693278244834,1.831683522448871
