{
  "episodes_OOS": 847,
  "episodes_by_month": {
    "2024-04": 22,
    "2024-05": 95,
    "2024-06": 58,
    "2024-07": 59,
    "2024-08": 80,
    "2024-09": 63,
    "2024-10": 66,
    "2024-11": 60,
    "2024-12": 44,
    "2025-01": 59,
    "2025-02": 48,
    "2025-03": 5,
    "2025-05": 93,
    "2025-06": 54,
    "2025-07": 57,
    "2025-08": 89,
    "2025-09": 62,
    "2025-10": 50,
    "2025-11": 23,
    "2025-12": 75,
    "2026-01": 54,
    "2026-02": 14,
    "2026-03": 13,
    "2026-04": 64,
    "2026-05": 45,
    "2026-06": 38,
    "2026-07": 4
  },
  "episodes_per_symbol_max": 17,
  "episodes_per_symbol_mean": 9.293333333333333,
  "episodes_total": 1394,
  "generated_at": "2026-07-04T16:17:03.430719+00:00",
  "partial_decision": "EPISODE_OVERLAP_HEAVY",
  "primary_episode_type": "EPISODE_GAP_5",
  "raw_signals_OOS": 9488,
  "raw_signals_per_episode_mean": 10.845767575322812,
  "raw_signals_per_episode_median": 6.0,
  "raw_signals_per_episode_p95": 40.0,
  "raw_signals_total": 15119,
  "schema_version": "tradeo.daily_swing.dss_004f.v1"
}
