{
  "base_oos_expectancy_pct": 1.8694492545524646,
  "best_baseline_oos_expectancy_pct": 1.625299122436914,
  "decision": "BASELINE_WARNING"
}
