{
  "by_policy": {
    "ALL_EVENTS": {
      "IS": {
        "avg_loss_pct": -5.557442670980794,
        "avg_win_pct": 6.220682529546455,
        "expectancy_pct": 0.40587378199437674,
        "profit_factor": 1.1479301639000956,
        "symbols": 143,
        "trades": 5631,
        "winrate": 0.5063043864322501,
        "worst_streak": 40
      },
      "OOS": {
        "avg_loss_pct": -5.776689853881151,
        "avg_win_pct": 6.688278848808961,
        "expectancy_pct": 0.9806006282639054,
        "profit_factor": 1.3707189848878556,
        "symbols": 147,
        "trades": 9465,
        "winrate": 0.5421024828314844,
        "worst_streak": 24
      },
      "OOS_expectancy_net_x2_pct": 0.9806006282639054,
      "OOS_pf_net_x2": 1.3707189848878556,
      "concentration": {
        "top_1_symbol_contribution_pct": 0.059113720138899525,
        "top_3_symbols_contribution_pct": 0.15828526762006545,
        "top_5_trades_contribution_pct": 0.011829700262603701
      },
      "cost_x1": {
        "avg_loss_pct": -5.682007416739597,
        "avg_win_pct": 6.529486613653134,
        "expectancy_pct": 0.8662202048839561,
        "profit_factor": 1.3287216610778698,
        "symbols": 150,
        "trades": 15096,
        "winrate": 0.5362347641759406,
        "worst_streak": 40
      },
      "cost_x2": {
        "avg_loss_pct": -5.691012714653854,
        "avg_win_pct": 6.521263425830082,
        "expectancy_pct": 0.766220204883956,
        "profit_factor": 1.2857012038517364,
        "symbols": 150,
        "trades": 15096,
        "winrate": 0.528749337572867,
        "worst_streak": 40
      },
      "cost_x3": {
        "avg_loss_pct": -5.712206956525545,
        "avg_win_pct": 6.502525560109978,
        "expectancy_pct": 0.6662202048839561,
        "profit_factor": 1.244095526843983,
        "symbols": 150,
        "trades": 15096,
        "winrate": 0.5221913089560148,
        "worst_streak": 40
      },
      "days_with_more_than_2_signals": 470,
      "gross": {
        "avg_loss_pct": -5.6659969471659775,
        "avg_win_pct": 6.555527928970211,
        "expectancy_pct": 0.9662202048839562,
        "profit_factor": 1.3731972851926322,
        "symbols": 150,
        "trades": 15096,
        "winrate": 0.5423290937996821,
        "worst_streak": 40
      },
      "last_12_months": {
        "avg_loss_pct": -5.681708259310085,
        "avg_win_pct": 6.494618135195901,
        "expectancy_pct": 0.5920184968728122,
        "profit_factor": 1.2149459665836633,
        "symbols": 145,
        "trades": 6529,
        "winrate": 0.5152396998008884,
        "worst_streak": 13
      },
      "last_24_months": {
        "avg_loss_pct": -5.837464448457638,
        "avg_win_pct": 6.693435958269936,
        "expectancy_pct": 0.7705025202750615,
        "profit_factor": 1.2792513242192327,
        "symbols": 150,
        "trades": 13701,
        "winrate": 0.5273337712575724,
        "worst_streak": 40
      },
      "max_drawdown_pct": 4059.083925845,
      "max_new_trades_in_day": 85,
      "policy": "ALL_EVENTS",
      "symbols_IS": 143,
      "symbols_OOS": 147,
      "symbols_total": 150,
      "trades_IS": 5631,
      "trades_OOS": 9465,
      "trades_total": 15096
    },
    "MAX_2_NEW_TRADES_PER_DAY_SIM": {
      "IS": {
        "avg_loss_pct": -4.332048832112163,
        "avg_win_pct": 4.569109903307925,
        "expectancy_pct": -0.006252063496792844,
        "profit_factor": 0.9971922972663317,
        "symbols": 98,
        "trades": 321,
        "winrate": 0.48598130841121495,
        "worst_streak": 12
      },
      "OOS": {
        "avg_loss_pct": -4.962165222488605,
        "avg_win_pct": 5.408487059675098,
        "expectancy_pct": 0.4572207791281914,
        "profit_factor": 1.1929943203637217,
        "symbols": 116,
        "trades": 576,
        "winrate": 0.5225694444444444,
        "worst_streak": 10
      },
      "OOS_expectancy_net_x2_pct": 0.4572207791281914,
      "OOS_pf_net_x2": 1.1929943203637217,
      "concentration": {
        "top_1_symbol_contribution_pct": 0.09234537265911624,
        "top_3_symbols_contribution_pct": 0.19449884573247192,
        "top_5_trades_contribution_pct": 0.15182116129988776
      },
      "cost_x1": {
        "avg_loss_pct": -4.723414410069184,
        "avg_win_pct": 5.1219825475004,
        "expectancy_pct": 0.39136260467711004,
        "profit_factor": 1.1724401724338542,
        "symbols": 126,
        "trades": 897,
        "winrate": 0.5195094760312151,
        "worst_streak": 12
      },
      "cost_x2": {
        "avg_loss_pct": -4.72587157609744,
        "avg_win_pct": 5.121960065379084,
        "expectancy_pct": 0.29136260467711006,
        "profit_factor": 1.1256873766741384,
        "symbols": 126,
        "trades": 897,
        "winrate": 0.5094760312151616,
        "worst_streak": 12
      },
      "cost_x3": {
        "avg_loss_pct": -4.804441145887547,
        "avg_win_pct": 5.0444291052256345,
        "expectancy_pct": 0.19136260467711005,
        "profit_factor": 1.0808321945183794,
        "symbols": 126,
        "trades": 897,
        "winrate": 0.5072463768115942,
        "worst_streak": 12
      },
      "days_with_more_than_2_signals": 0,
      "gross": {
        "avg_loss_pct": -4.74541289788003,
        "avg_win_pct": 5.113079146018865,
        "expectancy_pct": 0.49136260467711007,
        "profit_factor": 1.2211420074201549,
        "symbols": 126,
        "trades": 897,
        "winrate": 0.5306577480490524,
        "worst_streak": 12
      },
      "last_12_months": {
        "avg_loss_pct": -4.530890951032005,
        "avg_win_pct": 5.282658460635907,
        "expectancy_pct": 0.5655175598583358,
        "profit_factor": 1.2596628082562926,
        "symbols": 104,
        "trades": 414,
        "winrate": 0.5193236714975845,
        "worst_streak": 7
      },
      "last_24_months": {
        "avg_loss_pct": -4.907368406741209,
        "avg_win_pct": 5.2237121695527,
        "expectancy_pct": 0.20895424018416087,
        "profit_factor": 1.0860217595238533,
        "symbols": 125,
        "trades": 798,
        "winrate": 0.5050125313283208,
        "worst_streak": 12
      },
      "max_drawdown_pct": 225.92636420414965,
      "max_new_trades_in_day": 2,
      "policy": "MAX_2_NEW_TRADES_PER_DAY_SIM",
      "symbols_IS": 98,
      "symbols_OOS": 116,
      "symbols_total": 126,
      "trades_IS": 321,
      "trades_OOS": 576,
      "trades_total": 897
    },
    "ONE_ACTIVE_PER_SYMBOL": {
      "IS": {
        "avg_loss_pct": -5.5040313484952,
        "avg_win_pct": 5.753424006948647,
        "expectancy_pct": 0.005532729573830805,
        "profit_factor": 1.0019687484683832,
        "symbols": 143,
        "trades": 803,
        "winrate": 0.48941469489414696,
        "worst_streak": 25
      },
      "OOS": {
        "avg_loss_pct": -5.843494517532391,
        "avg_win_pct": 7.069100610862752,
        "expectancy_pct": 0.9723070300262958,
        "profit_factor": 1.352405621507822,
        "symbols": 147,
        "trades": 1311,
        "winrate": 0.5278413424866514,
        "worst_streak": 14
      },
      "OOS_expectancy_net_x2_pct": 0.9723070300262958,
      "OOS_pf_net_x2": 1.352405621507822,
      "concentration": {
        "top_1_symbol_contribution_pct": 0.05708742278730585,
        "top_3_symbols_contribution_pct": 0.14444896768327475,
        "top_5_trades_contribution_pct": 0.05496015933305685
      },
      "cost_x1": {
        "avg_loss_pct": -5.7088676313220015,
        "avg_win_pct": 6.5840457601802385,
        "expectancy_pct": 0.7050791382271807,
        "profit_factor": 1.2582508258794523,
        "symbols": 150,
        "trades": 2114,
        "winrate": 0.521759697256386,
        "worst_streak": 23
      },
      "cost_x2": {
        "avg_loss_pct": -5.708237083805231,
        "avg_win_pct": 6.592546781057918,
        "expectancy_pct": 0.6050791382271808,
        "profit_factor": 1.2177708695547058,
        "symbols": 150,