year,trades,net_x2_sum_pct,net_x2_expectancy_pct
2024,354,345.22344858691275,0.9752074818839344
2025,407,-73.64949839479581,-0.18095699851301184
2026,164,54.25094942893895,0.33079847212767655
