{
  "base_one_active_oos": {
    "avg_loss_pct": -7.73622881156555,
    "avg_win_pct": 9.85128465735554,
    "expectancy_pct": 1.7851437283468126,
    "profit_factor": 1.503132671531211,
    "symbols": 49,
    "trades": 423,
    "winrate": 0.541371158392435,
    "worst_streak": 10
  },
  "decision": "BIAS_WARNING",
  "fdr_wrc_spa": "NOT_IMPLEMENTED_GAP_FOR_LIVE_OR_PAPER_APPROVAL",
  "random_seed": 40404,
  "variants": {
    "RANDOM_MATCHED": {
      "avg_loss_pct": -8.652250457571817,
      "avg_win_pct": 9.56862076865517,
      "expectancy_pct": 0.7520701753195315,
      "profit_factor": 1.1796386234944043,
      "symbols": 50,
      "trades": 620,
      "winrate": 0.5161290322580645,
      "worst_streak": 17
    },
    "TREND_ONLY": {
      "avg_loss_pct": -8.669840706159427,
      "avg_win_pct": 9.92488082745089,
      "expectancy_pct": 0.4001389549358233,
      "profit_factor": 1.0901023627374635,
      "symbols": 50,
      "trades": 736,
      "winrate": 0.48777173913043476,
      "worst_streak": 13
    },
    "VOL_HIGH_ONLY": {
      "avg_loss_pct": -9.835529315997311,
      "avg_win_pct": 11.032852786641184,
      "expectancy_pct": -0.767374419029051,
      "profit_factor": 0.8620225891744256,
      "symbols": 50,
      "trades": 359,
      "winrate": 0.43454038997214484,
      "worst_streak": 22
    },
    "entry_next_close": {
      "avg_loss_pct": -7.411218216421401,
      "avg_win_pct": 8.66881795675148,
      "expectancy_pct": 1.2273997569035935,
      "profit_factor": 1.357872017264522,
      "symbols": 50,
      "trades": 685,
      "winrate": 0.5372262773722628,
      "worst_streak": 10
    },
    "entry_next_open_adverse_10bps": {
      "avg_loss_pct": -7.679855054512989,
      "avg_win_pct": 8.863300389059914,
      "expectancy_pct": 1.0143580253209465,
      "profit_factor": 1.278384760134056,
      "symbols": 50,
      "trades": 685,
      "winrate": 0.5255474452554745,
      "worst_streak": 10
    },
    "placebo_signal_shift_plus_1": {
      "avg_loss_pct": -7.994488197303926,
      "avg_win_pct": 10.051951089239513,
      "expectancy_pct": 2.0313114063313185,
      "profit_factor": 1.5717002203826895,
      "symbols": 49,
      "trades": 423,
      "winrate": 0.5555555555555556,
      "worst_streak": 11
    },
    "placebo_signal_shift_plus_10": {
      "avg_loss_pct": -8.09072641213518,
      "avg_win_pct": 9.251972990804031,
      "expectancy_pct": 1.1751129851798594,
      "profit_factor": 1.3118647223144901,
      "symbols": 49,
      "trades": 423,
      "winrate": 0.5342789598108747,
      "worst_streak": 10
    },
    "placebo_signal_shift_plus_2": {
      "avg_loss_pct": -7.489647366134015,
      "avg_win_pct": 9.52731825249445,
      "expectancy_pct": 1.6237038893399975,
      "profit_factor": 1.4667688227884805,
      "symbols": 49,
      "trades": 422,
      "winrate": 0.5355450236966824,
      "worst_streak": 7
    },
    "placebo_signal_shift_plus_5": {
      "avg_loss_pct": -7.284270634281605,
      "avg_win_pct": 8.783637481136141,
      "expectancy_pct": 1.4318115981383983,
      "profit_factor": 1.4295996608283779,
      "symbols": 49,
      "trades": 424,
      "winrate": 0.5424528301886793,
      "worst_streak": 12
    }
  }
}
